,Topic#0,Topic#1,Topic#2,Topic#3,Topic#4,Topic#5,Topic#6,Topic#7,Topic#8,Topic#9,Topic#10,Topic#11,Topic#12,Topic#13
0,technology,application,customer,customer,marketer,technology,software,grapevine,tax,company,salesforce,technology,studio,seal
1,acquisition,inspection,datum,say,customer,company,technology,influencer,avalara,business,app,company,evolution,brand
2,help,base,technology,acquisition,solution,business,ai,brand,content,year,involve,business,recall,floor
3,customer,fast,company,technology,enterprise,acquisition,product,asset,product,technology,twin,acquisition,human,clean
4,company,team,say,company,marketing,year,solution,social,information,base,mobile,say,reality,business
5,base,machine,acquisition,market,say,customer,industry,digital,compliance,service,acquisition,base,include,cleaning
6,say,solve,platform,base,agency,product,market,medium,maintain,market,business,customer,base,machine
7,business,sualab,system,ai,rocket,base,sonasoft,consumer,global,revenue,startup,solution,technology,robotic
8,platform,do,base,help,fuel,sale,development,reach,provide,deal,acquire,help,term,air
9,datum,factory,service,solution,provide,service,update,base,technology,say,round,market,usd,diversey
10,announce,hard,high,experience,acquisition,say,release,provide,able,last,latency,acquire,price,transaction
11,service,vision,application,business,journey,platform,exist,ssc,apply,acquisition,mulling,use,intelligence,operation
12,market,say,new,platform,expertise,ai,platform,lead,make,review,august,platform,form,hygiene
13,use,cost,performance,announce,digital,deal,also,value,change,global,krux,new,common,approximately
14,offer,found,capability,acquire,well,share,say,access,requirement,offer,war,offer,exchange,development
15,solution,visual,build,service,accelerate,market,offer,engage,rule,solution,true,announce,augment,financial
16,acquire,lead,enable,team,make,use,well,technology,collect,use,think,include,realistic,industry
17,include,leader,world,capability,way,last,user,audience,ai,ai,rumor,global,hyper,help
18,application,accelerate,computing,intelligence,together,revenue,team,marketing,customer,bluesence,demandware,deal,holographic,include
19,enable,large,team,system,vision,software,problem,platform,disclose,sale,string,digital,principal,solution
20,work,market,experience,software,combination,work,risk,service,purchase,provide,twitter,capability,also,acquisition
21,provide,help,cloud,use,market,solution,impact,help,space,share,purchase,year,digital,health
22,today,today,help,include,vice,value,compatibility,acquisition,human,include,draper,share,share,care
23,capability,capability,today,enable,drive,help,acquisition,opportunity,expertise,plan,scoop,enable,market,disclose
24,global,acquisition,developer,product,display,lead,verification,exist,term,product,worth,software,acquisition,goal
25,team,future,acquire,datum,volkswagen,global,mortgage,grow,automate,manage,prime,product,portfolio,privately
26,ai,automate,announce,make,video,datum,customer,business,difficult,would,beyondcore,ai,interact,big
27,new,challenge,ai,enterprise,uncover,consumer,income,core,statement,announce,disclose,work,award,property
28,product,engineering,include,share,optimization,offer,capability,model,believe,customer,machine,team,proprietary,generate
29,digital,industrial,business,global,saas,include,asset,look,knowledge,consumer,learning,service,close,efficiency
